{"cameraMode":{"drawMode":0,"name":"Shaded","section":"Shading Mode"},"sceneLighting":false,"audioPlay":false,"sceneViewState":{"m_AlwaysRefresh":false,"showFog":true,"showSkybox":false,"showFlares":true,"showImageEffects":true,"showParticleSystems":true,"showVisualEffectGraphs":true,"m_FxEnabled":true},"in2DMode":false,"pivot":{"x":-0.000039458274841308594,"y":1.8566524982452393,"z":-0.00022554397583007813},"rotation":{"x":-0.13603846728801728,"y":0.43055614829063418,"z":-0.06608784943819046,"w":-0.8899681568145752},"size":3.9076764583587648,"orthographic":false}