{"cameraMode":{"drawMode":0,"name":"Shaded","section":"Shading Mode"},"sceneLighting":false,"audioPlay":false,"sceneViewState":{"m_AlwaysRefresh":false,"showFog":true,"showSkybox":false,"showFlares":true,"showImageEffects":true,"showParticleSystems":true,"showVisualEffectGraphs":true,"m_FxEnabled":true},"in2DMode":false,"pivot":{"x":0.42416492104530337,"y":0.5407096147537231,"z":0.5571379661560059},"rotation":{"x":-0.09450434148311615,"y":0.8899766802787781,"z":-0.2152564972639084,"w":-0.3907329738140106},"size":3.3073947429656984,"orthographic":false}