{"cameraMode":{"drawMode":0,"name":"Shaded","section":"Shading Mode"},"sceneLighting":false,"audioPlay":false,"sceneViewState":{"m_AlwaysRefresh":false,"showFog":true,"showSkybox":false,"showFlares":true,"showImageEffects":true,"showParticleSystems":true,"showVisualEffectGraphs":true,"m_FxEnabled":true},"in2DMode":false,"pivot":{"x":-0.186692014336586,"y":-0.05978626385331154,"z":-6.608258247375488},"rotation":{"x":0.018021859228610994,"y":-0.9726729989051819,"z":0.21684445440769196,"w":0.08350001275539398},"size":4.755201816558838,"orthographic":false}