{"cameraMode":{"drawMode":0,"name":"Shaded","section":"Shading Mode"},"sceneLighting":false,"audioPlay":false,"sceneViewState":{"m_AlwaysRefresh":false,"showFog":true,"showSkybox":false,"showFlares":true,"showImageEffects":true,"showParticleSystems":true,"showVisualEffectGraphs":true,"m_FxEnabled":true},"in2DMode":false,"pivot":{"x":-0.09726415574550629,"y":0.9583033919334412,"z":-0.3992907404899597},"rotation":{"x":-0.003951920196413994,"y":-0.9851405620574951,"z":0.17193278670310975,"w":-0.017577556893229486},"size":1.4689115285873414,"orthographic":false}