{"cameraMode":{"drawMode":0,"name":"Shaded","section":"Shading Mode"},"sceneLighting":true,"audioPlay":false,"sceneViewState":{"m_AlwaysRefresh":false,"showFog":true,"showSkybox":true,"showFlares":true,"showImageEffects":true,"showParticleSystems":true,"showVisualEffectGraphs":true,"m_FxEnabled":true},"in2DMode":false,"pivot":{"x":36.239200592041019,"y":28.261625289916993,"z":33.999420166015628},"rotation":{"x":-0.7204923033714294,"y":-0.0007765976479277015,"z":-0.00031377453706227243,"w":-0.693756103515625},"size":1.279311180114746,"orthographic":false}