{"cameraMode":{"drawMode":0,"name":"Shaded","section":"Shading Mode"},"sceneLighting":false,"audioPlay":false,"sceneViewState":{"m_AlwaysRefresh":false,"showFog":true,"showSkybox":false,"showFlares":true,"showImageEffects":true,"showParticleSystems":true,"showVisualEffectGraphs":true,"m_FxEnabled":true},"in2DMode":false,"pivot":{"x":0.5546324849128723,"y":0.21248474717140199,"z":-1.965123176574707},"rotation":{"x":-0.02776261232793331,"y":-0.9682658314704895,"z":0.21728050708770753,"w":-0.12167179584503174},"size":2.2763352394104006,"orthographic":false}