{"cameraMode":{"drawMode":0,"name":"Shaded","section":"Shading Mode"},"sceneLighting":false,"audioPlay":false,"sceneViewState":{"m_AlwaysRefresh":false,"showFog":true,"showSkybox":false,"showFlares":true,"showImageEffects":true,"showParticleSystems":true,"showVisualEffectGraphs":true,"m_FxEnabled":true},"in2DMode":false,"pivot":{"x":0.037836551666259769,"y":2.901728391647339,"z":-0.004777431488037109},"rotation":{"x":-0.24036544561386109,"y":0.1926945596933365,"z":-0.04900342971086502,"w":-0.9502572417259216},"size":3.532167911529541,"orthographic":false}