{"cameraMode":{"drawMode":0,"name":"Shaded","section":"Shading Mode"},"sceneLighting":false,"audioPlay":false,"sceneViewState":{"m_AlwaysRefresh":false,"showFog":true,"showSkybox":false,"showFlares":true,"showImageEffects":true,"showParticleSystems":true,"showVisualEffectGraphs":true,"m_FxEnabled":true},"in2DMode":false,"pivot":{"x":0.0000021457672119140627,"y":2.1921796798706056,"z":0.9128845930099487},"rotation":{"x":-0.5380395650863648,"y":0.20319220423698426,"z":-0.1363963633775711,"w":-0.8068588376045227},"size":4.552670478820801,"orthographic":false}