{"cameraMode":{"drawMode":0,"name":"Shaded","section":"Shading Mode"},"sceneLighting":false,"audioPlay":false,"sceneViewState":{"m_AlwaysRefresh":false,"showFog":true,"showSkybox":false,"showFlares":true,"showImageEffects":true,"showParticleSystems":true,"showVisualEffectGraphs":true,"m_FxEnabled":true},"in2DMode":false,"pivot":{"x":2.1056859493255617,"y":1.1091628074645997,"z":-0.6458951830863953},"rotation":{"x":-0.003526833839714527,"y":0.7821989059448242,"z":0.0044668689370155338,"w":0.6230373978614807},"size":3.3653452396392824,"orthographic":false}