{"cameraMode":{"drawMode":0,"name":"Shaded","section":"Shading Mode"},"sceneLighting":false,"audioPlay":false,"sceneViewState":{"m_AlwaysRefresh":false,"showFog":true,"showSkybox":false,"showFlares":true,"showImageEffects":true,"showParticleSystems":true,"showVisualEffectGraphs":true,"m_FxEnabled":true},"in2DMode":false,"pivot":{"x":-0.5512089133262634,"y":0.5639309287071228,"z":-0.00782576110213995},"rotation":{"x":0.11616847664117813,"y":-0.8814912438392639,"z":0.2875368595123291,"w":0.35615217685699465},"size":4.820993423461914,"orthographic":false}