{"cameraMode":{"drawMode":0,"name":"Shaded","section":"Shading Mode"},"sceneLighting":false,"audioPlay":false,"sceneViewState":{"m_AlwaysRefresh":false,"showFog":true,"showSkybox":false,"showFlares":true,"showImageEffects":true,"showParticleSystems":true,"showVisualEffectGraphs":true,"m_FxEnabled":true},"in2DMode":false,"pivot":{"x":0.5075448155403137,"y":0.9017603397369385,"z":0.26205968856811526},"rotation":{"x":0.16894599795341493,"y":0.610512375831604,"z":-0.1347731053829193,"w":0.7621534466743469},"size":3.5394558906555177,"orthographic":false}